Movie Name,URL,Release Year,Resolution,Quality
Grizzly Rage,https://dub.onestream.watch/stream/video/98402,2007,360p,HD
Grizzly Rage,https://dub.onestream.watch/stream/video/98405,2007,720p,HD
Azrael,https://dub.onestream.watch/stream/video/98409,2024,360p,HD
Azrael,https://dub.onestream.watch/stream/video/98412,2024,720p,HD
Butchers Crossing,https://dub.onestream.watch/stream/video/98416,2022,360p,HD
Butchers Crossing,https://dub.onestream.watch/stream/video/98419,2022,720p,HD
The Killers Game,https://dub.onestream.watch/stream/video/98423,2024,360p,HD
The Killers Game,https://dub.onestream.watch/stream/video/98426,2024,720p,HD
Hong Kong Warriors,https://dub.onestream.watch/stream/video/98430,2025,360p,HD
Hong Kong Warriors,https://dub.onestream.watch/stream/video/98433,2025,720p,HD
Twilight of the Warriors Walled In,https://dub.onestream.watch/stream/video/98437,2024,360p,HD
Twilight of the Warriors Walled In,https://dub.onestream.watch/stream/video/98440,2024,720p,HD
The Replacement Killers,https://dub.onestream.watch/stream/video/98444,1998,360p,HD
The Replacement Killers,https://dub.onestream.watch/stream/video/98447,1998,720p,HD
I Wanna Dance With Somebody,https://dub.onestream.watch/stream/video/98451,2022,360p,HD
I Wanna Dance With Somebody,https://dub.onestream.watch/stream/video/98454,2022,720p,HD
Troy,https://dub.onestream.watch/stream/video/98460,2004,360p,HD
Troy,https://dub.onestream.watch/stream/video/98463,2004,720p,HD
Sherlock Holmes,https://dub.onestream.watch/stream/video/98469,2009,360p,HD
Sherlock Holmes,https://dub.onestream.watch/stream/video/98472,2009,720p,HD
Starship Troopers Invasion,https://dub.onestream.watch/stream/video/98476,2012,360p,HD
Starship Troopers Invasion,https://dub.onestream.watch/stream/video/98479,2012,720p,HD
Bogota City of the Lost,https://dub.onestream.watch/stream/video/98483,2025,360p,HD
Bogota City of the Lost,https://dub.onestream.watch/stream/video/98486,2025,720p,HD
The Foreigner,https://dub.onestream.watch/stream/video/98490,2003,360p,HD
The Foreigner,https://dub.onestream.watch/stream/video/98493,2003,720p,HD
You are Cordially Invited,https://dub.onestream.watch/stream/video/98497,2025,360p,HD
You are Cordially Invited,https://dub.onestream.watch/stream/video/98500,2025,720p,HD
Angels and Demons,https://dub.onestream.watch/stream/video/98502,2009,360p,HD
Gabriel,https://dub.onestream.watch/stream/video/98507,2007,360p,HD
Gabriel,https://dub.onestream.watch/stream/video/98510,2007,720p,HD
Inferno,https://dub.onestream.watch/stream/video/98513,2016,360p,HD
Inferno,https://dub.onestream.watch/stream/video/98516,2016,720p,HD
Swamp Devil,https://dub.onestream.watch/stream/video/98520,2008,360p,HD
Swamp Devil,https://dub.onestream.watch/stream/video/98523,2008,720p,HD
The Da Vinci Code,https://dub.onestream.watch/stream/video/98526,2006,360p,HD
The Da Vinci Code,https://dub.onestream.watch/stream/video/98529,2006,720p,HD
Into The Sun,https://dub.onestream.watch/stream/video/98533,2005,360p,HD
Into The Sun,https://dub.onestream.watch/stream/video/98536,2005,720p,HD
Kinda Pregnant,https://dub.onestream.watch/stream/video/98540,2025,360p,HD
Kinda Pregnant,https://dub.onestream.watch/stream/video/98543,2025,720p,HD
King of Snake,https://dub.onestream.watch/stream/video/98547,2020,360p,HD
King of Snake,https://dub.onestream.watch/stream/video/98550,2020,720p,HD
The Goldsmith,https://dub.onestream.watch/stream/video/98554,2022,360p,HD
The Goldsmith,https://dub.onestream.watch/stream/video/98557,2022,720p,HD
Genghis The Legend of the Ten,https://dub.onestream.watch/stream/video/98561,2012,360p,HD
Genghis The Legend of the Ten,https://dub.onestream.watch/stream/video/98564,2012,720p,HD
Red Eye,https://dub.onestream.watch/stream/video/98570,2005,360p,HD
Red Eye,https://dub.onestream.watch/stream/video/98572,2005,720p,HD
A Nightmare on Elm Street,https://dub.onestream.watch/stream/video/98577,2010,360p,HD
A Nightmare on Elm Street,https://dub.onestream.watch/stream/video/98580,2010,720p,HD
The Marksman,https://dub.onestream.watch/stream/video/98585,2005,360p,HD
The Marksman,https://dub.onestream.watch/stream/video/98588,2005,720p,HD
My Fault London,https://dub.onestream.watch/stream/video/98592,2025,360p,HD
My Fault London,https://dub.onestream.watch/stream/video/98595,2025,720p,HD
Subservience,https://dub.onestream.watch/stream/video/98599,2024,360p,HD
Subservience,https://dub.onestream.watch/stream/video/98602,2024,720p,HD
Tale Of The Mummy,https://dub.onestream.watch/stream/video/98606,1998,360p,HD
Tale Of The Mummy,https://dub.onestream.watch/stream/video/98609,1998,720p,HD
Mothers Deadly Son,https://dub.onestream.watch/stream/video/98613,2022,360p,HD
Mothers Deadly Son,https://dub.onestream.watch/stream/video/98616,2022,720p,HD
Kill em All,https://dub.onestream.watch/stream/video/98625,2017,360p,HD
Kill em All,https://dub.onestream.watch/stream/video/98628,2017,720p,HD
The Karate Kid,https://dub.onestream.watch/stream/video/98644,1984,360p,HD
The Karate Kid,https://dub.onestream.watch/stream/video/98647,1984,720p,HD
The Karate Kid,https://dub.onestream.watch/stream/video/98648,2010,360p,HD
The Karate Kid,https://dub.onestream.watch/stream/video/98650,2010,720p,HD
The Karate Kid 2,https://dub.onestream.watch/stream/video/98654,1986,360p,HD
The Karate Kid 2,https://dub.onestream.watch/stream/video/98657,1986,720p,HD
The Next Karate Kid,https://dub.onestream.watch/stream/video/98661,1994,360p,HD
The Next Karate Kid,https://dub.onestream.watch/stream/video/98664,1994,720p,HD
Dolphin Island,https://dub.onestream.watch/stream/video/98669,2021,360p,HD
Dolphin Island,https://dub.onestream.watch/stream/video/98672,2021,720p,HD
The Wild Robot,https://dub.onestream.watch/stream/video/98680,2024,360p,HD
The Wild Robot,https://dub.onestream.watch/stream/video/98683,2024,720p,HD
Boa vs Python,https://dub.onestream.watch/stream/video/98687,2004,360p,HD
Boa vs Python,https://dub.onestream.watch/stream/video/98690,2004,720p,HD
Pixels,https://dub.onestream.watch/stream/video/98694,2015,360p,HD
Pixels,https://dub.onestream.watch/stream/video/98697,2015,720p,HD
Premium Rush,https://dub.onestream.watch/stream/video/98701,2012,360p,HD
Premium Rush,https://dub.onestream.watch/stream/video/98704,2012,720p,HD
The 5th Wave,https://dub.onestream.watch/stream/video/98708,2016,360p,HD
The 5th Wave,https://dub.onestream.watch/stream/video/98711,2016,720p,HD
Outpost,https://dub.onestream.watch/stream/video/98715,2008,360p,HD
Outpost,https://dub.onestream.watch/stream/video/98718,2008,720p,HD
Secret Department of Intervention,https://dub.onestream.watch/stream/video/98722,2024,360p,HD
Secret Department of Intervention,https://dub.onestream.watch/stream/video/98725,2024,720p,HD
The Equalizer,https://dub.onestream.watch/stream/video/98729,2014,360p,HD
The Equalizer,https://dub.onestream.watch/stream/video/98732,2014,720p,HD
2 Guns,https://dub.onestream.watch/stream/video/98741,2013,360p,HD
2 Guns,https://dub.onestream.watch/stream/video/98744,2013,720p,HD
Deliver Us,https://dub.onestream.watch/stream/video/98748,2023,360p,HD
Deliver Us,https://dub.onestream.watch/stream/video/98751,2023,720p,HD
East Dragon,https://dub.onestream.watch/stream/video/98755,2018,360p,HD
East Dragon,https://dub.onestream.watch/stream/video/98758,2018,720p,HD
Silent Rage,https://dub.onestream.watch/stream/video/98762,1982,360p,HD
Silent Rage,https://dub.onestream.watch/stream/video/98765,1982,720p,HD
Lake Placid,https://dub.onestream.watch/stream/video/98773,1999,360p,HD
Lake Placid,https://dub.onestream.watch/stream/video/98776,1999,720p,HD
Lake Placid Legacy,https://dub.onestream.watch/stream/video/98780,2018,360p,HD
Lake Placid Legacy,https://dub.onestream.watch/stream/video/98783,2018,720p,HD
Lake Placid The Final Chapter,https://dub.onestream.watch/stream/video/98787,2012,360p,HD
Lake Placid The Final Chapter,https://dub.onestream.watch/stream/video/98790,2012,720p,HD
The Count of Monte Cristo,https://dub.onestream.watch/stream/video/98794,2024,360p,HD
The Count of Monte Cristo,https://dub.onestream.watch/stream/video/98797,2024,720p,HD
Shushan Subdues Evil,https://dub.onestream.watch/stream/video/98803,2019,360p,HD
Shushan Subdues Evil,https://dub.onestream.watch/stream/video/98806,2019,720p,HD
Cross,https://dub.onestream.watch/stream/video/98810,2011,360p,HD
Cross,https://dub.onestream.watch/stream/video/98813,2011,720p,HD
The Echo,https://dub.onestream.watch/stream/video/98817,2008,360p,HD
The Echo,https://dub.onestream.watch/stream/video/98820,2008,720p,HD
The Wraith,https://dub.onestream.watch/stream/video/98824,1986,360p,HD
The Wraith,https://dub.onestream.watch/stream/video/98827,1986,720p,HD
Warchief,https://dub.onestream.watch/stream/video/98831,2024,360p,HD
Warchief,https://dub.onestream.watch/stream/video/98834,2024,720p,HD
Demon City,https://dub.onestream.watch/stream/video/98846,2025,360p,HD
Demon City,https://dub.onestream.watch/stream/video/98849,2025,720p,HD
Sosyal Climbers,https://dub.onestream.watch/stream/video/98853,2025,360p,HD
Sosyal Climbers,https://dub.onestream.watch/stream/video/98856,2025,720p,HD
Squad 36,https://dub.onestream.watch/stream/video/98862,2025,360p,HD
Squad 36,https://dub.onestream.watch/stream/video/98865,2025,720p,HD
7 Assassins,https://dub.onestream.watch/stream/video/98872,2013,360p,HD
7 Assassins,https://dub.onestream.watch/stream/video/98875,2013,720p,HD
Ace Ventura - Pet Detective,https://dub.onestream.watch/stream/video/98879,1994,360p,HD
Ace Ventura - Pet Detective,https://dub.onestream.watch/stream/video/98882,1994,720p,HD
Bats Human Harvest,https://dub.onestream.watch/stream/video/98886,2007,360p,HD
Bats Human Harvest,https://dub.onestream.watch/stream/video/98889,2007,720p,HD
Insidious Chapter 3,https://dub.onestream.watch/stream/video/98893,2015,360p,HD
Insidious Chapter 3,https://dub.onestream.watch/stream/video/98896,2015,720p,HD
Rollerball,https://dub.onestream.watch/stream/video/98900,2002,360p,HD
Rollerball,https://dub.onestream.watch/stream/video/98903,2002,720p,HD
Crystal Inferno,https://dub.onestream.watch/stream/video/98907,2017,360p,HD
Crystal Inferno,https://dub.onestream.watch/stream/video/98910,2017,720p,HD
The Hive,https://dub.onestream.watch/stream/video/98913,2008,360p,HD
The Hive,https://dub.onestream.watch/stream/video/98916,2008,720p,HD
Volshebniki,https://dub.onestream.watch/stream/video/98920,2022,360p,HD
Volshebniki,https://dub.onestream.watch/stream/video/98923,2022,720p,HD
Dominique,https://dub.onestream.watch/stream/video/98929,2024,360p,HD
Dominique,https://dub.onestream.watch/stream/video/98932,2024,720p,HD
Fuck Marry Kill,https://dub.onestream.watch/stream/video/98936,2024,360p,HD
Fuck Marry Kill,https://dub.onestream.watch/stream/video/98939,2024,720p,HD
Captain America Brave New World,https://dub.onestream.watch/stream/video/98942,2025,360p,HD
Captain America Brave New World,https://dub.onestream.watch/stream/video/98945,2025,720p,HD
Nadaaniyan,https://dub.onestream.watch/stream/video/98949,2025,360p,HD
Nadaaniyan,https://dub.onestream.watch/stream/video/98952,2025,720p,HD
Plankton The Movie,https://dub.onestream.watch/stream/video/98956,2025,360p,HD
Plankton The Movie,https://dub.onestream.watch/stream/video/98959,2025,720p,HD
The Art of War III Retribution,https://dub.onestream.watch/stream/video/98963,2009,360p,HD
The Art of War III Retribution,https://dub.onestream.watch/stream/video/98966,2009,720p,HD
97 Minutes,https://dub.onestream.watch/stream/video/98977,2023,360p,HD
97 Minutes,https://dub.onestream.watch/stream/video/98980,2023,720p,HD
The Chaser,https://dub.onestream.watch/stream/video/98985,2008,360p,HD
The Chaser,https://dub.onestream.watch/stream/video/98987,2008,720p,HD
407 Dark Flight,https://dub.onestream.watch/stream/video/98990,2012,360p,HD
407 Dark Flight,https://dub.onestream.watch/stream/video/98992,2012,720p,HD
Jabberwock,https://dub.onestream.watch/stream/video/98995,2011,360p,HD
Jabberwock,https://dub.onestream.watch/stream/video/98997,2011,720p,HD
The Tomorrow Man,https://dub.onestream.watch/stream/video/98999,2019,360p,HD
The Tomorrow Man,https://dub.onestream.watch/stream/video/99001,2019,720p,HD
A Tale of Two Sisters,https://dub.onestream.watch/stream/video/99005,2024,360p,HD
A Tale of Two Sisters,https://dub.onestream.watch/stream/video/99007,2024,720p,HD
Bedevilled,https://dub.onestream.watch/stream/video/99011,2010,360p,HD
Bedevilled,https://dub.onestream.watch/stream/video/99013,2010,720p,HD
The Island,https://dub.onestream.watch/stream/video/99016,2005,360p,HD
The Island,https://dub.onestream.watch/stream/video/99018,2005,720p,HD
Dirty Angels,https://dub.onestream.watch/stream/video/99022,2024,360p,HD
Dirty Angels,https://dub.onestream.watch/stream/video/99024,2024,720p,HD
Crazy Lizard,https://dub.onestream.watch/stream/video/99028,2024,360p,HD
Crazy Lizard,https://dub.onestream.watch/stream/video/99030,2024,720p,HD
The Electric State,https://dub.onestream.watch/stream/video/99034,2025,360p,HD
The Electric State,https://dub.onestream.watch/stream/video/99036,2025,720p,HD
Ghost Storm,https://dub.onestream.watch/stream/video/99052,2011,360p,HD
Ghost Storm,https://dub.onestream.watch/stream/video/99054,2011,720p,HD
Ace Ventura - When Nature Calls,https://dub.onestream.watch/stream/video/99058,1995,360p,HD
Ace Ventura - When Nature Calls,https://dub.onestream.watch/stream/video/99060,1995,720p,HD
In a Violent Nature,https://dub.onestream.watch/stream/video/99064,2024,360p,HD
In a Violent Nature,https://dub.onestream.watch/stream/video/99066,2024,720p,HD
Assassins Guild,https://dub.onestream.watch/stream/video/99070,2024,360p,HD
Assassins Guild,https://dub.onestream.watch/stream/video/99072,2024,720p,HD
Hitch,https://dub.onestream.watch/stream/video/99075,2005,360p,HD
Hitch,https://dub.onestream.watch/stream/video/99077,2005,720p,HD
Lake Consequence,https://dub.onestream.watch/stream/video/99081,1993,360p,HD
Lake Consequence,https://dub.onestream.watch/stream/video/99083,1993,720p,HD
The Dead 2 India,https://dub.onestream.watch/stream/video/99086,2013,360p,HD
The Dead 2 India,https://dub.onestream.watch/stream/video/99088,2013,720p,HD
The Magical World of Andrew Bennett,https://dub.onestream.watch/stream/video/99092,2018,360p,HD
The Magical World of Andrew Bennett,https://dub.onestream.watch/stream/video/99094,2018,720p,HD
Atomic Apocalypse,https://dub.onestream.watch/stream/video/99104,2018,360p,HD
Atomic Apocalypse,https://dub.onestream.watch/stream/video/99106,2018,720p,HD
Click,https://dub.onestream.watch/stream/video/99109,2006,360p,HD
Click,https://dub.onestream.watch/stream/video/99111,2006,720p,HD
Alien Hunger,https://dub.onestream.watch/stream/video/99115,2017,360p,HD
Alien Hunger,https://dub.onestream.watch/stream/video/99117,2017,720p,HD
The Tourist,https://dub.onestream.watch/stream/video/99120,2010,360p,HD
The Tourist,https://dub.onestream.watch/stream/video/99122,2010,720p,HD
Universal Soldiers,https://dub.onestream.watch/stream/video/99126,2007,360p,HD
Universal Soldiers,https://dub.onestream.watch/stream/video/99128,2007,720p,HD
Prisons,https://dub.onestream.watch/stream/video/99146,2024,360p,HD
Prisons,https://dub.onestream.watch/stream/video/99148,2024,720p,HD
Revelations,https://dub.onestream.watch/stream/video/99152,2025,360p,HD
Revelations,https://dub.onestream.watch/stream/video/99154,2025,720p,HD
Accident Man,https://dub.onestream.watch/stream/video/99158,2018,360p,HD
Accident Man,https://dub.onestream.watch/stream/video/99160,2018,720p,HD
Den of Thieves,https://dub.onestream.watch/stream/video/99163,2018,360p,HD
Den of Thieves,https://dub.onestream.watch/stream/video/99165,2018,720p,HD
Premika,https://dub.onestream.watch/stream/video/99169,2017,360p,HD
Premika,https://dub.onestream.watch/stream/video/99171,2017,720p,HD
Mufasa The Lion King,https://dub.onestream.watch/stream/video/99174,2024,360p,HD
Mufasa The Lion King,https://dub.onestream.watch/stream/video/99176,2024,720p,HD
Den of Thieves 2 Pantera,https://dub.onestream.watch/stream/video/99180,2025,360p,HD
Den of Thieves 2 Pantera,https://dub.onestream.watch/stream/video/99182,2025,720p,HD
The Life List,https://dub.onestream.watch/stream/video/99186,2025,360p,HD
The Life List,https://dub.onestream.watch/stream/video/99188,2025,720p,HD
The Duelist,https://dub.onestream.watch/stream/video/99192,2016,360p,HD
The Duelist,https://dub.onestream.watch/stream/video/99194,2016,720p,HD
The Invitation,https://dub.onestream.watch/stream/video/99198,2022,360p,HD
The Invitation,https://dub.onestream.watch/stream/video/99200,2022,720p,HD
The Exorcists,https://dub.onestream.watch/stream/video/99215,2023,360p,HD
The Exorcists,https://dub.onestream.watch/stream/video/99217,2023,720p,HD
Black Swarm,https://dub.onestream.watch/stream/video/99226,2007,360p,HD
Black Swarm,https://dub.onestream.watch/stream/video/99228,2007,720p,HD
Monk Comes Down the Mountain,https://dub.onestream.watch/stream/video/99232,2015,360p,HD
Monk Comes Down the Mountain,https://dub.onestream.watch/stream/video/99234,2015,720p,HD
The Book of Clarence,https://dub.onestream.watch/stream/video/99238,2023,360p,HD
The Book of Clarence,https://dub.onestream.watch/stream/video/99240,2023,720p,HD
River of Blood,https://dub.onestream.watch/stream/video/99283,2024,360p,HD
River of Blood,https://dub.onestream.watch/stream/video/99285,2024,720p,HD
Ordinary Angels,https://dub.onestream.watch/stream/video/99310,2024,360p,HD
Ordinary Angels,https://dub.onestream.watch/stream/video/99312,2024,720p,HD
Sniper GRIT,https://dub.onestream.watch/stream/video/99316,2023,360p,HD
Sniper GRIT,https://dub.onestream.watch/stream/video/99318,2023,720p,HD
Terrifier 3,https://dub.onestream.watch/stream/video/99322,2024,360p,HD
Terrifier 3,https://dub.onestream.watch/stream/video/99324,2024,720p,HD
The Merciless,https://dub.onestream.watch/stream/video/99328,2017,360p,HD
The Merciless,https://dub.onestream.watch/stream/video/99330,2017,720p,HD
12 Mighty Orphans,https://dub.onestream.watch/stream/video/99334,2021,360p,HD
12 Mighty Orphans,https://dub.onestream.watch/stream/video/99336,2021,720p,HD
Moving On,https://dub.onestream.watch/stream/video/99340,2022,360p,HD
Moving On,https://dub.onestream.watch/stream/video/99342,2022,720p,HD
A Dogs Way Home,https://dub.onestream.watch/stream/video/99356,2019,360p,HD
A Dogs Way Home,https://dub.onestream.watch/stream/video/99358,2019,720p,HD
Hitmen,https://dub.onestream.watch/stream/video/99365,2023,360p,HD
Hitmen,https://dub.onestream.watch/stream/video/99367,2023,720p,HD
A Werewolf in England,https://dub.onestream.watch/stream/video/99372,2020,360p,HD
A Werewolf in England,https://dub.onestream.watch/stream/video/99374,2020,720p,HD
Angel of the Skies,https://dub.onestream.watch/stream/video/99378,2013,360p,HD
Angel of the Skies,https://dub.onestream.watch/stream/video/99380,2013,720p,HD
Death Link,https://dub.onestream.watch/stream/video/99384,2021,360p,HD
Death Link,https://dub.onestream.watch/stream/video/99386,2021,720p,HD
Dropa,https://dub.onestream.watch/stream/video/99390,2019,360p,HD
Dropa,https://dub.onestream.watch/stream/video/99392,2019,720p,HD
Frankenstein Vs The Mummy,https://dub.onestream.watch/stream/video/99396,2015,360p,HD
Frankenstein Vs The Mummy,https://dub.onestream.watch/stream/video/99398,2015,720p,HD
The Hairy Tooth Fairy,https://dub.onestream.watch/stream/video/99402,2020,360p,HD
The Hairy Tooth Fairy,https://dub.onestream.watch/stream/video/99404,2020,720p,HD
Union Bound,https://dub.onestream.watch/stream/video/99408,2019,360p,HD
Union Bound,https://dub.onestream.watch/stream/video/99410,2019,720p,HD
Cover Versions,https://dub.onestream.watch/stream/video/99414,2018,360p,HD
Cover Versions,https://dub.onestream.watch/stream/video/99416,2018,720p,HD
High Plains Invaders,https://dub.onestream.watch/stream/video/99420,2009,360p,HD
High Plains Invaders,https://dub.onestream.watch/stream/video/99422,2009,720p,HD
The Babysitters,https://dub.onestream.watch/stream/video/99426,2007,360p,HD
The Babysitters,https://dub.onestream.watch/stream/video/99428,2007,720p,HD
G20,https://dub.onestream.watch/stream/video/99434,2025,360p,HD
The Tomorrow War,https://dub.onestream.watch/stream/video/80029,2021,720p,HD
Terrordactyl,https://dub.onestream.watch/stream/video/86603,2016,360p,HD
The Noel Diary,https://dub.onestream.watch/stream/video/88025,2022,720p,HD
isaiDub.com - Detective Knight Rogue,https://dub.onestream.watch/stream/video/92185,2022,720p,HD
isaiDub.com - Detective Knight Redemption,https://dub.onestream.watch/stream/video/92213,2023,720p,HD
isaiDub.com - Nowhere,https://dub.onestream.watch/stream/video/92306,2023,360p,HD
isaiDub.com - The Rezort,https://dub.onestream.watch/stream/video/92553,2015,720p,HD
isaiDub.com - Badland Hunters,https://dub.onestream.watch/stream/video/92657,2024,360p,HD
isaiDub.com - Kris in Bollywood,https://dub.onestream.watch/stream/video/92710,2024,360p,HD
isaiDub.com - King of the Lost World,https://dub.onestream.watch/stream/video/92717,2005,360p,HD
isaiDub.com - Ben-Hur,https://dub.onestream.watch/stream/video/92745,2016,360p,HD
isaiDub.com -  Aquaman and the Lost Kingdom,https://dub.onestream.watch/stream/video/92754,2024,360p,HD
isaiDub.com - The Marvels,https://dub.onestream.watch/stream/video/92813,2023,360p,HD
isaiDub.com - The Marvels,https://dub.onestream.watch/stream/video/92816,2023,720p,HD
isaiDub.com - Mask Of The Ninja,https://dub.onestream.watch/stream/video/92823,2018,720p,HD
Barricade,https://dub.onestream.watch/stream/video/97376,2012,360p,HD
G20,https://dub.onestream.watch/stream/video/99436,2025,720p,HD
Terrifier 2,https://dub.onestream.watch/stream/video/99440,2022,360p,HD
Terrifier 2,https://dub.onestream.watch/stream/video/99442,2022,720p,HD
Abrakadabra,https://dub.onestream.watch/stream/video/99446,2018,360p,HD
Abrakadabra,https://dub.onestream.watch/stream/video/99448,2018,720p,HD
Gandhi,https://dub.onestream.watch/stream/video/99452,1982,360p,HD
Gandhi,https://dub.onestream.watch/stream/video/99454,1982,720p,HD
Excess Baggage,https://dub.onestream.watch/stream/video/99462,1997,360p,HD
Excess Baggage,https://dub.onestream.watch/stream/video/99464,1997,720p,HD
Exit Speed,https://dub.onestream.watch/stream/video/99483,2008,360p,HD
Exit Speed,https://dub.onestream.watch/stream/video/99485,2008,720p,HD
Fight or Flight,https://dub.onestream.watch/stream/video/99490,2025,360p,HD
Fight or Flight,https://dub.onestream.watch/stream/video/99492,2025,720p,HD
Hostage,https://dub.onestream.watch/stream/video/99495,2005,360p,HD
Hostage,https://dub.onestream.watch/stream/video/99497,2005,720p,HD
Sniper Assassins End,https://dub.onestream.watch/stream/video/99501,2020,360p,HD
Sniper Assassins End,https://dub.onestream.watch/stream/video/99503,2020,720p,HD
Peter Pans Neverland Nightmare,https://dub.onestream.watch/stream/video/99508,2025,360p,HD
Peter Pans Neverland Nightmare,https://dub.onestream.watch/stream/video/99510,2025,720p,HD
Oklahoma City Bombing American Terror,https://dub.onestream.watch/stream/video/99524,2025,360p,HD
Oklahoma City Bombing American Terror,https://dub.onestream.watch/stream/video/99526,2025,720p,HD
iHostage,https://dub.onestream.watch/stream/video/99530,2025,360p,HD
iHostage,https://dub.onestream.watch/stream/video/99532,2025,720p,HD
Meeting Evil,https://dub.onestream.watch/stream/video/99536,2012,360p,HD
Meeting Evil,https://dub.onestream.watch/stream/video/99538,2012,720p,HD
Project Gemini,https://dub.onestream.watch/stream/video/99542,2022,360p,HD
Project Gemini,https://dub.onestream.watch/stream/video/99544,2022,720p,HD
Babygirl,https://dub.onestream.watch/stream/video/99548,2024,360p,HD
Babygirl,https://dub.onestream.watch/stream/video/99550,2024,720p,HD
Disaster Wars Earthquake vs Tsunami,https://dub.onestream.watch/stream/video/99554,2013,360p,HD
Disaster Wars Earthquake vs Tsunami,https://dub.onestream.watch/stream/video/99556,2013,720p,HD
Blood Games,https://dub.onestream.watch/stream/video/99561,2011,360p,HD
Blood Games,https://dub.onestream.watch/stream/video/99563,2011,720p,HD (950 MB)
Blood Games,https://dub.onestream.watch/stream/video/99564,2011,720p,HD
Cicada,https://dub.onestream.watch/stream/video/99568,2018,360p,HD
Cicada,https://dub.onestream.watch/stream/video/99570,2018,720p,HD (950 MB)
Cicada,https://dub.onestream.watch/stream/video/99571,2018,720p,HD
Dampyr,https://dub.onestream.watch/stream/video/99575,2022,360p,HD
Dampyr,https://dub.onestream.watch/stream/video/99577,2022,720p,HD (950 MB)
Dampyr,https://dub.onestream.watch/stream/video/99578,2022,720p,HD
Fake,https://dub.onestream.watch/stream/video/99582,2011,360p,HD
Fake,https://dub.onestream.watch/stream/video/99584,2011,720p,HD (950 MB)
Fake,https://dub.onestream.watch/stream/video/99585,2011,720p,HD
Family Camp,https://dub.onestream.watch/stream/video/99589,2022,360p,HD
Family Camp,https://dub.onestream.watch/stream/video/99591,2022,720p,HD (950 MB)
Family Camp,https://dub.onestream.watch/stream/video/99592,2022,720p,HD
Genesis Fall of the Crime Empire,https://dub.onestream.watch/stream/video/99596,2017,360p,HD
Genesis Fall of the Crime Empire,https://dub.onestream.watch/stream/video/99598,2017,720p,HD (950 MB)
Genesis Fall of the Crime Empire,https://dub.onestream.watch/stream/video/99599,2017,720p,HD
Here Today,https://dub.onestream.watch/stream/video/99603,2021,360p,HD
Here Today,https://dub.onestream.watch/stream/video/99605,2021,720p,HD (950 MB)
Here Today,https://dub.onestream.watch/stream/video/99606,2021,720p,HD
Living,https://dub.onestream.watch/stream/video/99610,2022,360p,HD
Living,https://dub.onestream.watch/stream/video/99612,2022,720p,HD (950 MB)
Living,https://dub.onestream.watch/stream/video/99613,2022,720p,HD
Romance in Style,https://dub.onestream.watch/stream/video/99617,2022,360p,HD
Romance in Style,https://dub.onestream.watch/stream/video/99619,2022,720p,HD (950 MB)
Romance in Style,https://dub.onestream.watch/stream/video/99620,2022,720p,HD
Shortcomings,https://dub.onestream.watch/stream/video/99624,2023,360p,HD
Shortcomings,https://dub.onestream.watch/stream/video/99626,2023,720p,HD (950 MB)
Shortcomings,https://dub.onestream.watch/stream/video/99627,2023,720p,HD
The Odyssey of Destiny,https://dub.onestream.watch/stream/video/99631,2014,360p,HD
The Odyssey of Destiny,https://dub.onestream.watch/stream/video/99633,2014,720p,HD (950 MB)
The Odyssey of Destiny,https://dub.onestream.watch/stream/video/99634,2014,720p,HD
The Persian Version,https://dub.onestream.watch/stream/video/99638,2023,360p,HD
The Persian Version,https://dub.onestream.watch/stream/video/99640,2023,720p,HD (950 MB)
The Persian Version,https://dub.onestream.watch/stream/video/99641,2023,720p,HD
Deadliest Prey,https://dub.onestream.watch/stream/video/99645,2013,360p,HD
Deadliest Prey,https://dub.onestream.watch/stream/video/99647,2013,720p,HD (950 MB)
Deadliest Prey,https://dub.onestream.watch/stream/video/99648,2013,720p,HD
The Negotiation,https://dub.onestream.watch/stream/video/99652,2018,360p,HD
The Negotiation,https://dub.onestream.watch/stream/video/99654,2018,720p,HD
Bullet Train Explosion,https://dub.onestream.watch/stream/video/99658,2025,360p,HD
Bullet Train Explosion,https://dub.onestream.watch/stream/video/99660,2025,720p,HD
Good Luck to You Leo Grande,https://dub.onestream.watch/stream/video/99664,2023,360p,HD
Good Luck to You Leo Grande,https://dub.onestream.watch/stream/video/99666,2023,720p,HD
Absolution,https://dub.onestream.watch/stream/video/99670,2024,360p,HD
Absolution,https://dub.onestream.watch/stream/video/99672,2024,720p,HD
Havoc,https://dub.onestream.watch/stream/video/99676,2025,360p,HD
Havoc,https://dub.onestream.watch/stream/video/99678,2025,720p,HD
Against the Dark,https://dub.onestream.watch/stream/video/99682,2009,360p,HD
Against the Dark,https://dub.onestream.watch/stream/video/99684,2009,720p,HD
Grafted,https://dub.onestream.watch/stream/video/99688,2024,360p,HD
Grafted,https://dub.onestream.watch/stream/video/99690,2024,720p,HD (950 MB)
Grafted,https://dub.onestream.watch/stream/video/99691,2024,720p,HD
A Chinese Tall Story,https://dub.onestream.watch/stream/video/99699,2005,360p,HD
A Chinese Tall Story,https://dub.onestream.watch/stream/video/99701,2005,720p,HD
Cruel War,https://dub.onestream.watch/stream/video/99705,2024,360p,HD
Cruel War,https://dub.onestream.watch/stream/video/99707,2024,720p,HD
The Best Christmas Pageant Ever,https://dub.onestream.watch/stream/video/99711,2024,360p,HD
The Best Christmas Pageant Ever,https://dub.onestream.watch/stream/video/99713,2024,720p,HD
Heist,https://dub.onestream.watch/stream/video/99717,2001,360p,HD
Heist,https://dub.onestream.watch/stream/video/99719,2001,720p,HD
The Monkey,https://dub.onestream.watch/stream/video/99730,2025,360p,HD
The Monkey,https://dub.onestream.watch/stream/video/99732,2025,720p,HD
Another Simple Favor,https://dub.onestream.watch/stream/video/99736,2025,360p,HD
Another Simple Favor,https://dub.onestream.watch/stream/video/99738,2025,720p,HD
The Bayou,https://dub.onestream.watch/stream/video/99742,2025,360p,HD
The Bayou,https://dub.onestream.watch/stream/video/99744,2025,720p,HD
Thunderbolts,https://dub.onestream.watch/stream/video/99748,2025,360p,PreDVD
Thunderbolts,https://dub.onestream.watch/stream/video/99750,2025,720p,PreDVD
Season of Love,https://dub.onestream.watch/stream/video/99754,2024,360p,HD
Season of Love,https://dub.onestream.watch/stream/video/99756,2024,720p,HD
